name,Pred,
FNDC3B,0.999943336,
PPP1R12A,1.00E+00,
ZNF609,0.999342362,
Lgr4,0.993717869,
SHPRH,0.809220016,
LINC00961,0.70366466,x
ZNF674-AS1,0.590519386,x
PIK3CD-AS2,0.407280808,
LIFR-AS1,0.369487717,
SclA,0.363642745,
LINC01420,3.57E-01,
PRR7-AS1,3.51E-01,
SclB,0.227367061,
LINC00847,9.15E-02,
LINC-PINT,0.047487238,
AKT3,0.016707672,x
FBXW7-AS1,0.006930124,
